{
  "inputs": [
    {"name":"x","type":["numeric"], "required":true},
    {"name":"y","type":["numeric"], "required":true},
    {"name":"size","type":["numeric"], "default": 100, "required":false}
  ],
  "template":{
    "padding": "strict",
    "data": [
      {
        "name": "table",
        "format": {
          "property": "features"
        }
      }
    ],
    "scales": [
      {
        "name": "x",
        "nice": true,
        "range": "width",
        "domain": {
          "data": "table",
          "field": "attributes.{x.field}"
        }
      },
      {
        "name": "y",
        "nice": true,
        "range": "height",
        "domain": {
          "data": "table",
          "field": "attributes.{y.field}"
        }
      },
      {
        "name": "size",
        "type": "sqrt",
        "domain": {
          "data": "table",
          "field": "attributes.{size.field}"
        },
        "range": [0,2000]
      }
    ],
    "axes": [
      {
        "type": "x",
        "scale": "x",
        "offset": 5,
        "ticks": 5,
        "title": "{x.label}",
        "properties": {
          "title": {
            "fontSize": {"value": 15},
            "fill": {"value": "#999"},
            "fontWeight": {"value": "normal"}
          },
          "ticks": {
             "stroke": {"value": "#dbdad9"}
          },
          "labels": {
            "fill": {"value": "#999"},
            "angle": {"value": 0},
            "fontSize": {"value": 14},
            "align": {"value": "left"},
            "baseline": {"value": "middle"},
            "dx": {"value": 3}
          },
          "axis": {
             "stroke": {"value": "#dbdad9"},
             "strokeWidth": {"value": 1.5}
          }
        }        
      },
      {
        "type": "y",
        "scale": "y",
        "offset": 5,
        "ticks": 5,
        "title": "{y.label}",
        "titleOffset": 50,
        "properties": {
          "title": {
            "fontSize": {"value": 15},
            "fill": {"value": "#999"},
            "fontWeight": {"value": "normal"}
          },
          "ticks": {
             "stroke": {"value": "#dbdad9"}
          },
          "labels": {
            "fill": {"value": "#999"},
            "angle": {"value": 0},
            "fontSize": {"value": 14},
            "align": {"value": "right"}
          },
          "axis": {
             "stroke": {"value": "#dbdad9"},
             "strokeWidth": {"value": 1.5}
          }
        }
      }
    ],
    "legends": [
      {
        "title": "{size.label}",
        "offset": 0,
        "size": "size",
        "properties": {
          "title": {
            "fontSize": {"value": 15},
            "fill": {"value": "#999"},
            "fontWeight": {"value": "bold"}
          },
          "symbols": {
            "strokeWidth": {"value": 2},
            "stroke": {"value": "#0079c1"},
            "fill": { "value": "#fff" },
            "fillOpacity": {"value": 0.4 }
          }
        }
      }
    ],
    "marks": [
      {
        "type": "symbol",
        "from": {
          "data": "table"
        },
        "properties": {
          "enter": {
            "x": {
              "scale": "x",
              "field": "attributes.{x.field}"
            },
            "y": {
              "scale": "y",
              "field": "attributes.{y.field}"
            },
            "strokeWidth": {"value": 2},
            "fillOpacity": {"value": 0.4 },
            "size": { 
              "scale": "size",
              "field": "attributes.{size.field}"
            }
          },
          "update": {
            "fill": { "value": "#fff" },
            "stroke": {"value": "#0079c1"}
          },
          "hover": {
            "fill": {"value": "#0079c1"},
            "fillOpacity": {"value": 0.6 },
            "stroke": {"value": "#0079c1"}
          }
        }
      }
    ]
  }
}